"Name","DisplayName","Status"
"AarSvc_2e8773","Agent Activation Runtime_2e8773","Stopped"
"ADPSvc","Aggregated Data Platform Service","Stopped"
"ALG","Application Layer Gateway Service","Stopped"
"AppIDSvc","Application Identity","Stopped"
"AppMgmt","Application Management","Stopped"
"AppReadiness","App Readiness","Stopped"
"AppVClient","Microsoft App-V Client","Stopped"
"ApxSvc","Windows Virtual Audio Device Proxy Service","Stopped"
"AssignedAccessManagerSvc","AssignedAccessManager Service","Stopped"
"autotimesvc","Cellular Time","Stopped"
"AxInstSV","ActiveX Installer (AxInstSV)","Stopped"
"BcastDVRUserService_2e8773","GameDVR and Broadcast User Service_2e8773","Stopped"
"BDESVC","BitLocker Drive Encryption Service","Stopped"
"CaptureService_2e8773","CaptureService_2e8773","Stopped"
"ClipSVC","Client License Service (ClipSVC)","Stopped"
"CloudBackupRestoreSvc_2e8773","Cloud Backup and Restore Service_2e8773","Stopped"
"cloudidsvc","Microsoft Cloud Identity Service","Stopped"
"COMSysApp","COM+ System Application","Stopped"
"ConsentUxUserSvc_2e8773","ConsentUX User Service_2e8773","Stopped"
"CredentialEnrollmentManagerUserSvc_2e8773","CredentialEnrollmentManagerUserSvc_2e8773","Stopped"
"CscService","Offline Files","Stopped"
"dcsvc","Declared Configuration(DC) service","Stopped"
"defragsvc","Optimize drives","Stopped"
"DeviceAssociationBrokerSvc_2e8773","DeviceAssociationBroker_2e8773","Stopped"
"DeviceInstall","Device Install Service","Stopped"
"DevicePickerUserSvc_2e8773","DevicePicker_2e8773","Stopped"
"DevQueryBroker","DevQuery Background Discovery Broker","Stopped"
"diagsvc","Diagnostic Execution Service","Stopped"
"DialogBlockingService","DialogBlockingService","Stopped"
"DmEnrollmentSvc","Device Management Enrollment Service","Stopped"
"dmwappushservice","Device Management Wireless Application Protocol (WAP) Push message Routing Service","Stopped"
"dot3svc","Wired AutoConfig","Stopped"
"DsmSvc","Device Setup Manager","Stopped"
"EapHost","Extensible Authentication Protocol","Stopped"
"edgeupdate","Microsoft Edge Update Service (edgeupdate)","Stopped"
"edgeupdatem","Microsoft Edge Update Service (edgeupdatem)","Stopped"
"EFS","Encrypting File System (EFS)","Stopped"
"embeddedmode","Embedded Mode","Stopped"
"EntAppSvc","Enterprise App Management Service","Stopped"
"fdPHost","Function Discovery Provider Host","Stopped"
"FDResPub","Function Discovery Resource Publication","Stopped"
"fhsvc","File History Service","Stopped"
"FrameServer","Windows Camera Frame Server","Stopped"
"FrameServerMonitor","Windows Camera Frame Server Monitor","Stopped"
"GameInputSvc","GameInput Service","Stopped"
"GoogleChromeElevationService","Google Chrome Elevation Service (GoogleChromeElevationService)","Stopped"
"GoogleUpdaterInternalService156.0.8067.0","Google Updater Internal Service (GoogleUpdaterInternalService156.0.8067.0)","Stopped"
"GoogleUpdaterService156.0.8067.0","Google Updater Service (GoogleUpdaterService156.0.8067.0)","Stopped"
"GraphicsPerfSvc","GraphicsPerfSvc","Stopped"
"hpatchmon","Hotpatch Monitoring Service","Stopped"
"icssvc","Windows Mobile Hotspot Service","Stopped"
"IKEEXT","IKE and AuthIP IPsec Keying Modules","Stopped"
"Intel(R) TPM Provisioning Service","Intel(R) TPM Provisioning Service","Stopped"
"IpxlatCfgSvc","IP Translation Configuration Service","Stopped"
"IsoEnvBroker","Isolation Environment Broker","Stopped"
"IsolationSession","IsolationSession","Stopped"
"KtmRm","KtmRm for Distributed Transaction Coordinator","Stopped"
"lltdsvc","Link-Layer Topology Discovery Mapper","Stopped"
"LocalKdc","Kerberos Local Key Distribution Center","Stopped"
"LxpSvc","Language Experience Service","Stopped"
"MapsBroker","Downloaded Maps Manager","Stopped"
"McmSvc","Mobile Connectivity Management Service","Stopped"
"McpManagementService","McpManagementService","Stopped"
"MessagingService_2e8773","MessagingService_2e8773","Stopped"
"MicrosoftEdgeElevationService","Microsoft Edge Elevation Service (MicrosoftEdgeElevationService)","Stopped"
"midisrv","Windows MIDI Service","Stopped"
"MSDTC","Distributed Transaction Coordinator","Stopped"
"MSiSCSI","Microsoft iSCSI Initiator Service","Stopped"
"msiserver","Windows Installer","Stopped"
"MsKeyboardFilter","Microsoft Keyboard Filter","Stopped"
"NaturalAuthentication","Natural Authentication","Stopped"
"NcaSvc","Network Connectivity Assistant","Stopped"
"NcdAutoSetup","Network Connected Devices Auto-Setup","Stopped"
"Netlogon","Netlogon","Stopped"
"NetSetupSvc","Network Setup Service","Stopped"
"NetTcpPortSharing","Net.Tcp Port Sharing Service","Stopped"
"NlaSvc","Network Location Awareness","Stopped"
"OneDrive Updater Service","OneDrive Updater Service","Stopped"
"OneSyncSvc_2e8773","Sync Host_2e8773","Stopped"
"P9RdrService_2e8773","P9RdrService_2e8773","Stopped"
"PeerDistSvc","BranchCache","Stopped"
"PenService_2e8773","PenService_2e8773","Stopped"
"perceptionsimulation","Windows Perception Simulation Service","Stopped"
"PerfHost","Performance Counter DLL Host","Stopped"
"pla","Performance Logs & Alerts","Stopped"
"PolicyAgent","IPsec Policy Agent","Stopped"
"PrintDeviceConfigurationService","Print Device Configuration Service","Stopped"
"PrintNotify","Printer Extensions and Notifications","Stopped"
"PrintScanBrokerService","PrintScanBrokerService","Stopped"
"PushToInstall","Windows PushToInstall Service","Stopped"
"RasAuto","Remote Access Auto Connection Manager","Stopped"
"refsdedupsvc","ReFS Dedup Service","Stopped"
"RemoteAccess","Routing and Remote Access","Stopped"
"RemoteRegistry","Remote Registry","Stopped"
"RetailDemo","Retail Demo Service","Stopped"
"RpcLocator","Remote Procedure Call (RPC) Locator","Stopped"
"ScDeviceEnum","Smart Card Device Enumeration Service","Stopped"
"SCPolicySvc","Smart Card Removal Policy","Stopped"
"SDRSVC","Windows Backup","Stopped"
"seclogon","Secondary Logon","Stopped"
"SEMgrSvc","Payments and NFC/SE Manager","Stopped"
"Sense","Windows Defender Advanced Threat Protection Service","Stopped"
"SensorDataService","Sensor Data Service","Stopped"
"SensrSvc","Sensor Monitoring Service","Stopped"
"SessionEnv","Remote Desktop Configuration","Stopped"
"shpamsvc","Shared PC Account Manager","Stopped"
"smphost","Microsoft Storage Spaces SMP","Stopped"
"SmsRouter","Microsoft Windows SMS Router Service.","Stopped"
"SNMPTrap","SNMP Trap","Stopped"
"sppsvc","Software Protection","Stopped"
"ssh-agent","OpenSSH Authentication Agent","Stopped"
"svsvc","Spot Verifier","Stopped"
"swprv","Microsoft Software Shadow Copy Provider","Stopped"
"TapiSrv","Telephony","Stopped"
"TermService","Remote Desktop Services","Stopped"
"TieringEngineService","Storage Tiers Management","Stopped"
"TroubleshootingSvc","Recommended Troubleshooting Service","Stopped"
"TrustedInstaller","Windows Modules Installer","Stopped"
"tzautoupdate","Auto Time Zone Updater","Stopped"
"UevAgentService","User Experience Virtualization Service","Stopped"
"UmRdpService","Remote Desktop Services UserMode Port Redirector","Stopped"
"VBoxSDS","VirtualBox system service","Stopped"
"vds","Virtual Disk","Stopped"
"vmicguestinterface","Hyper-V Guest Service Interface","Stopped"
"vmicheartbeat","Hyper-V Heartbeat Service","Stopped"
"vmickvpexchange","Hyper-V Data Exchange Service","Stopped"
"vmicrdv","Hyper-V Remote Desktop Virtualization Service","Stopped"
"vmicshutdown","Hyper-V Guest Shutdown Service","Stopped"
"vmictimesync","Hyper-V Time Synchronization Service","Stopped"
"vmicvmsession","Hyper-V PowerShell Direct Service","Stopped"
"vmicvss","Hyper-V Volume Shadow Copy Requestor","Stopped"
"VSS","Volume Shadow Copy","Stopped"
"WaaSMedicSvc","WaaSMedicSvc","Stopped"
"WalletService","WalletService","Stopped"
"WarpJITSvc","Warp JIT Service","Stopped"
"wbengine","Block Level Backup Engine Service","Stopped"
"WbioSrvc","Windows Biometric Service","Stopped"
"WdiServiceHost","Diagnostic Service Host","Stopped"
"WdiSystemHost","Diagnostic System Host","Stopped"
"Wecsvc","Windows Event Collector","Stopped"
"WEPHOSTSVC","Windows Encryption Provider Host Service","Stopped"
"wercplsupport","Problem Reports Control Panel Support","Stopped"
"WerSvc","Windows Error Reporting Service","Stopped"
"WFDSConMgrSvc","Wi-Fi Direct Services Connection Manager Service","Stopped"
"WiaRpc","Still Image Acquisition Events","Stopped"
"WinRM","Windows Remote Management (WS-Management)","Stopped"
"wisvc","Windows Insider Service","Stopped"
"wlidsvc","Microsoft Account Sign-in Assistant","Stopped"
"wlpasvc","Local Profile Assistant Service","Stopped"
"WManSvc","Windows Management Service","Stopped"
"wmiApSrv","WMI Performance Adapter","Stopped"
"WMPNetworkSvc","Windows Media Player Network Sharing Service","Stopped"
"workfolderssvc","Work Folders","Stopped"
"WpcMonSvc","Parental Controls","Stopped"
"WPDBusEnum","Portable Device Enumerator Service","Stopped"
"WwanSvc","WWAN AutoConfig","Stopped"
"XblAuthManager","Xbox Live Auth Manager","Stopped"
"XblGameSave","Xbox Live Game Save","Stopped"
"XboxGipSvc","Xbox Accessory Management Service","Stopped"
"XboxNetApiSvc","Xbox Live Networking Service","Stopped"
"ZTHELPER","ZTDNS Helper service","Stopped"
